Cadence,Gross Efficiency
60,0.2175324675
80,0.2240154939
100,0.2181588903
120,0.199488491
